,location,total_sqft,bath,price,bhk
0,1st Block Jayanagar,2850.0,4.0,428.0,4
1,1st Block Jayanagar,1630.0,3.0,194.0,3
2,1st Block Jayanagar,1875.0,2.0,235.0,3
3,1st Block Jayanagar,1200.0,2.0,130.0,3
4,1st Block Jayanagar,1235.0,2.0,148.0,2
5,1st Block Jayanagar,2750.0,4.0,413.0,4
6,1st Block Jayanagar,2450.0,4.0,368.0,4
8,1st Phase JP Nagar,1875.0,3.0,167.0,3
9,1st Phase JP Nagar,1500.0,5.0,85.0,5
10,1st Phase JP Nagar,2065.0,4.0,210.0,3
12,1st Phase JP Nagar,2059.0,3.0,225.0,3
13,1st Phase JP Nagar,1394.0,2.0,100.0,2
14,1st Phase JP Nagar,1077.0,2.0,93.0,2
15,1st Phase JP Nagar,1566.0,2.0,180.0,2
16,1st Phase JP Nagar,840.0,2.0,50.0,1
17,1st Phase JP Nagar,1590.0,3.0,131.0,3
18,1st Phase JP Nagar,2180.0,3.0,210.0,3
19,1st Phase JP Nagar,1180.0,2.0,88.5,2
20,1st Phase JP Nagar,1200.0,2.0,86.0,2
21,1st Phase JP Nagar,1394.0,2.0,85.0,2
22,1st Phase JP Nagar,2077.0,3.0,175.0,3
24,1st Phase JP Nagar,1205.0,2.0,85.0,2
26,1st Phase JP Nagar,900.0,2.0,75.0,2
580,BTM 2nd Stage,1260.0,5.0,185.0,3
581,BTM 2nd Stage,950.0,2.0,52.0,2
582,BTM 2nd Stage,1850.0,3.0,170.0,3
583,BTM 2nd Stage,1200.0,2.0,80.0,2
584,BTM 2nd Stage,1274.0,2.0,70.0,2
586,BTM 2nd Stage,1070.0,2.0,48.0,2
587,BTM 2nd Stage,1280.0,2.0,80.0,2
588,BTM 2nd Stage,1100.0,2.0,70.0,2
589,BTM 2nd Stage,1000.0,2.0,58.0,2
590,BTM 2nd Stage,2990.0,5.0,416.0,5
591,BTM 2nd Stage,1265.0,2.0,55.0,2
592,BTM 2nd Stage,2200.0,3.0,220.0,3
593,BTM 2nd Stage,2780.0,4.0,325.0,3
594,BTM 2nd Stage,2400.0,2.0,360.0,3
595,BTM 2nd Stage,965.0,2.0,56.0,2
596,BTM 2nd Stage,1147.0,2.0,75.0,2
597,BTM 2nd Stage,1750.0,3.0,172.0,3
598,BTM 2nd Stage,1400.0,2.0,90.0,2
599,BTM 2nd Stage,1200.0,2.0,70.0,2
600,BTM 2nd Stage,1100.0,2.0,47.0,2
601,BTM 2nd Stage,930.0,2.0,46.0,2
603,BTM 2nd Stage,2500.0,3.0,345.0,3
747,Banashankari Stage II,1700.0,2.0,150.0,2
748,Banashankari Stage II,1200.0,2.0,150.0,4
749,Banashankari Stage II,1500.0,2.0,120.0,3
750,Banashankari Stage II,2400.0,3.0,510.0,5
751,Banashankari Stage II,1240.0,2.0,59.52,3
752,Banashankari Stage II,1250.0,2.0,110.0,2
753,Banashankari Stage II,1260.0,2.0,95.0,3
754,Banashankari Stage II,2400.0,2.0,300.0,3
755,Banashankari Stage II,1400.0,2.0,100.0,2
756,Banashankari Stage II,2800.0,3.0,425.0,5
757,Banashankari Stage II,3000.0,3.0,450.0,3
758,Banashankari Stage II,1200.0,2.0,198.0,3
759,Banashankari Stage II,1245.0,2.0,125.0,2
989,Basaveshwara Nagar,4500.0,5.0,415.0,5
990,Basaveshwara Nagar,1865.0,3.0,145.0,3
991,Basaveshwara Nagar,1200.0,2.0,90.0,2
992,Basaveshwara Nagar,2400.0,4.0,310.0,5
993,Basaveshwara Nagar,1200.0,2.0,80.0,2
994,Basaveshwara Nagar,900.0,2.0,60.0,2
995,Basaveshwara Nagar,1900.0,3.0,150.0,3
996,Basaveshwara Nagar,1200.0,2.0,85.0,2
997,Basaveshwara Nagar,1200.0,2.0,70.0,2
1180,Benson Town,3200.0,4.0,350.0,3
1181,Benson Town,4460.0,5.0,650.0,4
1182,Benson Town,2850.0,4.0,470.0,3
1183,Benson Town,1300.0,2.0,120.0,2
1184,Benson Town,1567.0,3.0,140.0,2
1185,Benson Town,3633.0,6.0,550.0,4
1186,Benson Town,1688.12,2.0,270.0,2
1187,Benson Town,1805.0,3.0,280.0,3
1188,Benson Town,1688.0,2.0,280.0,2
1247,Binny Pete,1755.0,3.0,122.0,3
1248,Binny Pete,665.0,1.0,50.75,1
1249,Binny Pete,2465.0,5.0,234.0,3
1251,Binny Pete,1245.0,2.0,86.28,2
1252,Binny Pete,660.0,1.0,54.0,1
1253,Binny Pete,665.0,1.0,46.08,1
1254,Binny Pete,660.0,1.0,62.0,1
1255,Binny Pete,1365.0,2.0,122.0,2
1256,Binny Pete,2940.0,6.0,280.0,4
1257,Binny Pete,1795.0,3.0,139.0,3
1258,Binny Pete,1740.0,3.0,150.0,3
1259,Binny Pete,1970.0,3.0,164.0,3
1260,Binny Pete,1516.0,3.0,147.0,3
1494,Chamrajpet,1475.0,2.0,120.0,3
1495,Chamrajpet,1900.0,2.0,170.0,4
1496,Chamrajpet,1350.0,2.0,180.0,2
1497,Chamrajpet,1050.0,2.0,162.0,2
1498,Chamrajpet,1660.4,4.0,211.0,4
1499,Chamrajpet,505.0,1.0,85.0,1
1500,Chamrajpet,1565.0,3.0,98.91,3
1501,Chamrajpet,730.0,1.0,52.0,2
1502,Chamrajpet,650.0,1.0,40.0,2
1503,Chamrajpet,650.0,2.0,45.0,2
1504,Chamrajpet,1650.0,3.0,115.0,3
1712,Cunningham Road,5270.0,4.0,1250.0,4
1713,Cunningham Road,3875.0,3.0,864.0,3
1714,Cunningham Road,3875.0,3.0,800.0,3
1715,Cunningham Road,3815.0,3.0,763.0,3
1716,Cunningham Road,2880.0,3.0,501.0,3
1717,Cunningham Road,3489.0,3.0,662.0,3
1718,Cunningham Road,4170.0,3.0,800.0,3
1720,Cunningham Road,2700.0,3.0,501.0,3
1721,Cunningham Road,7500.0,6.0,1800.0,4
1722,Cunningham Road,2880.0,3.0,560.0,3
1859,Domlur,1540.0,3.0,90.0,3
1860,Domlur,1875.0,2.0,150.0,3
1861,Domlur,1429.0,3.0,86.0,3
1862,Domlur,640.0,1.0,55.0,1
1863,Domlur,1050.0,2.0,85.0,2
1864,Domlur,1800.0,3.0,150.0,3
1865,Domlur,1720.0,3.0,135.0,3
1866,Domlur,1950.0,3.0,165.0,3
1867,Domlur,2180.0,3.0,285.0,3
1868,Domlur,650.0,1.0,70.0,1
1869,Domlur,780.0,1.0,70.0,1
1870,Domlur,2180.0,3.0,285.0,3
1871,Domlur,1740.0,3.0,120.0,3
1872,Domlur,1695.0,3.0,125.0,3
1873,Domlur,1246.0,2.0,95.0,2
1874,Domlur,2100.0,3.0,145.0,3
1875,Domlur,1276.0,2.0,80.0,2
1876,Domlur,1850.0,3.0,180.0,3
1877,Domlur,2955.0,3.0,235.0,3
1878,Domlur,1650.0,3.0,180.0,3
2370,Frazer Town,1700.0,3.0,180.0,3
2371,Frazer Town,1305.0,3.0,95.45,3
2372,Frazer Town,1870.0,3.0,185.0,3
2373,Frazer Town,1750.0,3.0,150.0,3
2375,Frazer Town,2000.0,3.0,200.0,3
2376,Frazer Town,3500.0,4.0,330.0,3
2377,Frazer Town,2350.0,4.0,285.0,3
2378,Frazer Town,1550.0,2.0,140.0,2
2379,Frazer Town,1900.0,4.0,145.0,3
2380,Frazer Town,2560.0,3.0,265.0,3
2381,Frazer Town,2400.0,3.0,260.0,3
2382,Frazer Town,2560.0,3.0,288.0,3
2383,Frazer Town,3436.0,5.0,341.0,4
2385,Frazer Town,1315.0,2.0,140.0,2
2386,Frazer Town,1706.0,3.0,154.0,3
2387,Frazer Town,2079.0,3.0,220.0,3
2388,Frazer Town,3435.0,2.0,341.0,4
2389,Frazer Town,3436.0,5.0,345.0,4
2390,Frazer Town,3100.0,3.0,400.0,3
2391,Frazer Town,5400.0,3.0,400.0,3
2392,Frazer Town,1180.0,2.0,105.0,2
2393,Frazer Town,2900.0,4.0,325.0,4
2394,Frazer Town,1870.0,3.0,180.0,3
2395,Frazer Town,896.0,1.0,100.0,1
2396,Frazer Town,1420.0,2.0,120.0,2
2538,HAL 2nd Stage,1490.0,2.0,300.0,3
2539,HAL 2nd Stage,600.0,3.0,145.0,2
2540,HAL 2nd Stage,2700.0,3.0,500.0,3
2541,HAL 2nd Stage,2040.0,4.0,500.0,5
2938,Hebbal Kempapura,1700.0,3.0,155.0,3
2939,Hebbal Kempapura,1800.0,3.0,175.0,3
2940,Hebbal Kempapura,2900.0,4.0,300.0,3
2941,Hebbal Kempapura,3522.0,3.0,380.0,3
2942,Hebbal Kempapura,2280.0,5.0,200.0,5
2943,Hebbal Kempapura,1200.0,2.0,125.0,2
2944,Hebbal Kempapura,2900.0,4.0,240.0,3
2946,Hebbal Kempapura,1300.0,2.0,102.0,2
2947,Hebbal Kempapura,1466.0,2.0,140.0,3
2949,Hebbal Kempapura,1725.0,2.0,165.0,3
2950,Hebbal Kempapura,1200.0,3.0,125.0,3
2951,Hebbal Kempapura,3408.0,3.0,260.0,3
2952,Hebbal Kempapura,1485.0,3.0,132.0,2
2953,Hebbal Kempapura,1400.0,2.0,108.0,2
2954,Hebbal Kempapura,1800.0,3.0,150.0,3
2955,Hebbal Kempapura,2400.0,5.0,200.0,5
2956,Hebbal Kempapura,2800.0,5.0,220.0,5
2957,Hebbal Kempapura,1785.0,3.0,165.0,3
2958,Hebbal Kempapura,3729.0,4.0,384.0,4
2959,Hebbal Kempapura,1600.0,3.0,170.0,3
2960,Hebbal Kempapura,1730.0,3.0,175.0,3
3521,Indira Nagar,1200.0,2.0,93.0,2
3522,Indira Nagar,1128.0,2.0,105.0,2
3523,Indira Nagar,2800.0,3.0,330.0,3
3524,Indira Nagar,1650.0,3.0,200.0,3
3526,Indira Nagar,1210.0,2.0,102.0,2
3527,Indira Nagar,1224.0,2.0,105.0,2
3528,Indira Nagar,2070.0,3.0,225.0,3
3529,Indira Nagar,500.0,1.0,70.0,1
3530,Indira Nagar,1400.0,2.0,168.0,2
3531,Indira Nagar,2400.0,4.0,525.0,4
3533,Indira Nagar,1145.0,2.0,100.0,2
3534,Indira Nagar,1470.0,2.0,170.0,2
3535,Indira Nagar,2700.0,3.0,324.0,3
3536,Indira Nagar,850.0,1.0,57.0,1
3537,Indira Nagar,3250.0,8.0,600.0,8
3538,Indira Nagar,2601.0,4.0,312.0,3
3539,Indira Nagar,1260.0,2.0,100.0,2
3540,Indira Nagar,1740.0,3.0,191.0,3
3541,Indira Nagar,1650.0,3.0,220.0,3
3544,Indira Nagar,1440.0,3.0,275.0,3
3545,Indira Nagar,1475.0,2.0,171.0,2
3546,Indira Nagar,3200.0,4.0,440.0,4
3547,Indira Nagar,4000.0,4.0,700.0,4
3548,Indira Nagar,850.0,1.0,60.0,1
3549,Indira Nagar,2400.0,4.0,405.0,4
3550,Indira Nagar,1800.0,5.0,350.0,5
3553,Indira Nagar,1650.0,3.0,200.0,3
3554,Indira Nagar,2800.0,4.0,365.0,4
3555,Indira Nagar,1260.0,2.0,120.0,2
3556,Indira Nagar,1149.0,2.0,130.0,2
3558,Indira Nagar,2400.0,6.0,475.0,6
3746,Judicial Layout,1300.0,3.0,64.0,3
3747,Judicial Layout,2070.0,3.0,162.0,3
3748,Judicial Layout,1700.0,3.0,155.0,3
3749,Judicial Layout,1100.0,2.0,53.0,3
3750,Judicial Layout,1165.0,2.0,49.61,2
3751,Judicial Layout,5400.0,4.0,700.0,5
3752,Judicial Layout,1500.0,3.0,162.0,4
3753,Judicial Layout,900.0,2.0,40.0,2
3754,Judicial Layout,1989.0,4.0,155.0,3
4531,Kodihalli,3252.0,5.0,335.0,4
4532,Kodihalli,2700.0,4.0,270.0,3
4533,Kodihalli,2392.0,4.0,260.0,3
4534,Kodihalli,2408.0,4.0,260.0,3
4535,Kodihalli,2500.0,4.0,260.0,3
4536,Kodihalli,1620.0,3.0,130.0,3
4537,Kodihalli,3260.0,5.0,388.0,4
4538,Kodihalli,3197.0,5.0,335.0,4
4539,Kodihalli,1490.0,2.0,150.0,2
4568,Koramangala,1320.0,2.0,165.0,2
4569,Koramangala,1253.0,2.0,102.0,2
4570,Koramangala,1580.0,3.0,160.0,3
4572,Koramangala,3500.0,5.0,425.0,4
4573,Koramangala,1005.0,1.0,110.0,2
4574,Koramangala,2292.0,4.0,275.0,3
4576,Koramangala,1290.0,2.0,100.0,2
4577,Koramangala,1300.0,2.0,110.0,2
4579,Koramangala,1325.0,2.0,119.0,2
4580,Koramangala,1140.0,2.0,75.2,2
4581,Koramangala,1260.0,2.0,100.0,2
4582,Koramangala,1975.0,3.0,210.0,3
4583,Koramangala,1900.0,2.0,200.0,2
4585,Koramangala,2292.0,3.0,286.0,3
4586,Koramangala,2300.0,3.0,290.0,3
4589,Koramangala,2503.0,6.0,325.0,4
4591,Koramangala,1320.0,2.0,150.0,2
4592,Koramangala,1320.0,2.0,110.0,2
4593,Koramangala,5985.0,4.0,775.0,4
4594,Koramangala,2461.0,6.0,353.0,4
4596,Koramangala,2246.0,3.0,300.0,3
4599,Koramangala,1083.0,2.0,100.0,2
4600,Koramangala,1744.0,3.0,200.0,3
4601,Koramangala,1180.0,2.0,128.0,2
4602,Koramangala,1320.0,2.0,160.0,2
4603,Koramangala,1370.0,2.0,125.0,2
4604,Koramangala,1100.0,2.0,85.0,2
4605,Koramangala,1249.0,2.0,165.0,2
4606,Koramangala,1200.0,2.0,100.0,2
4608,Koramangala,2223.0,3.0,300.0,3
4609,Koramangala,1744.0,4.0,210.0,3
4610,Koramangala,1866.0,4.0,245.0,3
4611,Koramangala,1320.0,2.0,160.0,2
4612,Koramangala,1350.0,2.0,103.0,2
4613,Koramangala,6000.0,4.0,625.0,4
4615,Koramangala,1320.0,2.0,160.0,2
4616,Koramangala,1710.0,3.0,210.0,3
4617,Koramangala,1355.0,2.0,95.0,2
4618,Koramangala,1600.0,3.0,170.0,3
4619,Koramangala,1260.0,2.0,100.0,2
4904,Mahalakshmi Layout,1575.0,5.0,158.0,4
4905,Mahalakshmi Layout,1105.0,2.0,80.0,2
4906,Mahalakshmi Layout,1200.0,3.0,160.0,4
4907,Mahalakshmi Layout,1200.0,2.0,110.0,3
4908,Mahalakshmi Layout,1876.0,3.0,150.0,3
5145,Marsur,1800.0,4.0,145.0,4
5146,Marsur,1200.0,3.0,90.0,3
5147,Marsur,1200.0,3.0,120.0,3
5234,Nagarbhavi,1350.0,3.0,150.0,3
5235,Nagarbhavi,1200.0,2.0,150.0,2
5237,Nagarbhavi,2400.0,3.0,160.0,3
5238,Nagarbhavi,884.0,2.0,36.0,1
5239,Nagarbhavi,1055.0,2.0,55.0,2
5241,Nagarbhavi,1223.0,2.0,60.0,2
5242,Nagarbhavi,956.0,2.0,49.0,2
5244,Nagarbhavi,1200.0,2.0,150.0,2
5247,Nagarbhavi,1145.0,2.0,40.0,2
5248,Nagarbhavi,300.0,1.0,20.0,1
5249,Nagarbhavi,1250.0,3.0,175.0,4
5250,Nagarbhavi,710.0,2.0,40.0,1
5252,Nagarbhavi,1212.0,2.0,50.0,2
5253,Nagarbhavi,1020.0,2.0,55.0,2
5255,Nagarbhavi,1120.0,2.0,53.0,2
5257,Nagarbhavi,1146.0,2.0,50.0,2
5259,Nagarbhavi,1190.0,2.0,63.0,2
5261,Nagarbhavi,1050.0,2.0,80.0,2
5262,Nagarbhavi,2500.0,3.0,180.0,5
5264,Nagarbhavi,1250.0,3.0,170.0,2
5266,Nagarbhavi,1400.0,2.0,135.0,3
5268,Nagarbhavi,1100.0,2.0,46.2,2
5269,Nagarbhavi,1080.0,2.0,49.0,2
5270,Nagarbhavi,1800.0,3.0,180.0,4
5271,Nagarbhavi,1225.0,2.0,58.0,2
5534,R.T. Nagar,1200.0,2.0,120.0,2
5536,R.T. Nagar,1040.0,2.0,46.0,2
5537,R.T. Nagar,1200.0,2.0,45.0,2
5538,R.T. Nagar,1235.0,2.0,65.0,2
5539,R.T. Nagar,1140.0,3.0,130.0,3
5540,R.T. Nagar,970.0,2.0,55.0,2
5541,R.T. Nagar,1560.0,3.0,125.0,3
5542,R.T. Nagar,1200.0,2.0,60.0,2
5545,R.T. Nagar,1200.0,3.0,140.0,3
5546,R.T. Nagar,1100.0,3.0,125.0,2
5547,R.T. Nagar,1150.0,2.0,72.0,2
5548,R.T. Nagar,1500.0,4.0,185.0,4
5549,R.T. Nagar,3600.0,8.0,165.0,9
5550,R.T. Nagar,1080.0,2.0,48.0,2
5551,R.T. Nagar,1325.0,2.0,52.0,2
5553,R.T. Nagar,1300.0,3.0,145.0,3
5555,R.T. Nagar,1100.0,2.0,85.0,2
5556,R.T. Nagar,1667.0,3.0,130.0,3
5761,Rajaji Nagar,1640.0,3.0,229.0,3
5762,Rajaji Nagar,2390.0,3.0,415.0,3
5763,Rajaji Nagar,2390.0,3.0,410.0,3
5765,Rajaji Nagar,3516.0,4.0,540.0,4
5766,Rajaji Nagar,1640.0,3.0,223.0,3
5768,Rajaji Nagar,1800.0,4.0,324.0,6
5769,Rajaji Nagar,3526.0,4.0,558.0,4
5772,Rajaji Nagar,1800.0,3.0,260.0,3
5773,Rajaji Nagar,1640.0,3.0,241.0,3
5774,Rajaji Nagar,1370.0,2.0,170.0,2
5775,Rajaji Nagar,2409.0,3.0,360.0,3
5777,Rajaji Nagar,1718.0,3.0,288.0,2
5778,Rajaji Nagar,2386.0,3.0,334.0,3
5779,Rajaji Nagar,3436.0,6.0,500.0,4
5780,Rajaji Nagar,1200.0,2.0,150.0,2
5781,Rajaji Nagar,1160.0,1.0,163.0,2
5782,Rajaji Nagar,660.0,1.0,75.0,1
5783,Rajaji Nagar,1440.0,2.0,170.0,2
5784,Rajaji Nagar,2448.0,3.0,400.0,3
5785,Rajaji Nagar,1440.0,2.0,185.0,2
5786,Rajaji Nagar,1640.0,3.0,230.0,3
5789,Rajaji Nagar,1800.0,2.0,250.0,3
5790,Rajaji Nagar,3100.0,4.0,550.0,4
5791,Rajaji Nagar,3526.0,4.0,598.0,4
5792,Rajaji Nagar,1357.0,2.0,130.0,2
5793,Rajaji Nagar,2300.0,3.0,369.0,3
5795,Rajaji Nagar,2500.0,3.0,350.0,3
5798,Rajaji Nagar,2559.0,3.0,403.0,3
5799,Rajaji Nagar,1763.0,3.0,262.0,2
5805,Rajaji Nagar,2533.0,3.0,425.0,3
5806,Rajaji Nagar,1268.0,2.0,127.0,2
5808,Rajaji Nagar,1640.0,3.0,262.0,3
5809,Rajaji Nagar,1200.0,1.0,200.0,2
5810,Rajaji Nagar,2367.0,3.0,375.0,3
5811,Rajaji Nagar,2440.0,2.0,415.0,4
5812,Rajaji Nagar,1640.0,3.0,251.0,3
5814,Rajaji Nagar,1640.0,3.0,268.0,3
5815,Rajaji Nagar,2367.0,4.0,340.0,3
5817,Rajaji Nagar,3600.0,5.0,510.0,5
5818,Rajaji Nagar,1350.0,4.0,230.0,4
5821,Rajaji Nagar,2400.0,5.0,408.0,5
5822,Rajaji Nagar,2500.0,3.0,340.0,3
5823,Rajaji Nagar,2390.0,3.0,372.0,3
5824,Rajaji Nagar,2415.0,3.0,399.0,3
5825,Rajaji Nagar,1718.0,3.0,275.0,2
5826,Rajaji Nagar,1763.0,3.0,240.0,2
5828,Rajaji Nagar,2409.0,3.0,395.0,3
5829,Rajaji Nagar,1314.0,2.0,225.0,2
5830,Rajaji Nagar,1440.0,2.0,165.0,2
5831,Rajaji Nagar,1640.0,3.0,245.0,3
6002,Sarakki Nagar,2121.0,4.0,253.0,3
6003,Sarakki Nagar,2289.0,3.0,260.0,3
6004,Sarakki Nagar,2500.0,4.0,325.0,3
6005,Sarakki Nagar,2145.0,4.0,270.0,3
6006,Sarakki Nagar,1200.0,3.0,128.0,3
6007,Sarakki Nagar,2663.0,4.0,338.0,3
6008,Sarakki Nagar,1840.0,4.0,175.0,3
6407,Sector 7 HSR Layout,3000.0,5.0,275.0,4
6408,Sector 7 HSR Layout,1163.0,2.0,98.86,2
6409,Sector 7 HSR Layout,1760.0,3.0,145.0,3
6410,Sector 7 HSR Layout,3900.0,3.0,300.0,3
6411,Sector 7 HSR Layout,1163.0,2.0,98.86,2
6412,Sector 7 HSR Layout,1342.0,2.0,115.0,2
6413,Sector 7 HSR Layout,1760.0,3.0,160.0,3
6414,Sector 7 HSR Layout,1760.0,3.0,142.0,3
6415,Sector 7 HSR Layout,2400.0,2.0,195.0,3
6416,Sector 7 HSR Layout,1760.0,3.0,185.0,3
6417,Sector 7 HSR Layout,1162.0,2.0,98.77,2
6445,Shivaji Nagar,850.0,2.0,55.0,2
6446,Shivaji Nagar,1554.0,3.0,130.0,2
6447,Shivaji Nagar,3820.0,1.0,306.0,1
6448,Shivaji Nagar,703.0,2.0,49.5,2
6449,Shivaji Nagar,1460.0,2.0,90.0,3
6450,Shivaji Nagar,600.0,1.0,65.0,2
6870,Ulsoor,2135.0,3.0,215.0,3
6871,Ulsoor,1275.0,2.0,120.0,2
6872,Ulsoor,1020.0,3.0,110.0,3
6873,Ulsoor,1200.0,2.0,60.0,2
6874,Ulsoor,1180.0,2.0,100.0,2
6875,Ulsoor,1340.0,3.0,90.0,3
6876,Ulsoor,1500.0,2.0,125.0,3
6877,Ulsoor,2000.0,3.0,185.0,3
6878,Ulsoor,1255.0,2.0,120.0,2
6879,Ulsoor,1685.0,4.0,185.0,3
6881,Ulsoor,2135.0,3.0,170.0,3
6882,Ulsoor,1160.0,2.0,130.0,2
7926,Yeshwanthpur,1693.0,3.0,108.0,3
7927,Yeshwanthpur,667.0,1.0,36.85,1
7928,Yeshwanthpur,1950.0,4.0,130.0,4
7930,Yeshwanthpur,665.0,1.0,36.85,1
7934,Yeshwanthpur,671.0,1.0,36.85,1
7935,Yeshwanthpur,1277.5,2.0,95.815,2
7936,Yeshwanthpur,668.0,1.0,36.85,1
7937,Yeshwanthpur,1185.0,2.0,75.84,2
7938,Yeshwanthpur,1195.0,2.0,100.0,2
7939,Yeshwanthpur,1313.0,3.0,96.0,3
7940,Yeshwanthpur,1400.0,2.0,100.0,2
7943,Yeshwanthpur,673.0,1.0,36.85,1
7944,Yeshwanthpur,717.0,2.0,49.475,2
7947,Yeshwanthpur,605.0,1.0,41.745,1
7949,Yeshwanthpur,669.0,1.0,36.85,1
7951,Yeshwanthpur,3027.0,4.0,260.0,3
7954,Yeshwanthpur,670.0,1.0,36.85,1
7957,Yeshwanthpur,1240.0,2.0,80.0,2
7958,Yeshwanthpur,1713.0,3.0,110.0,3
7959,Yeshwanthpur,1144.0,2.0,67.0,2
7960,Yeshwanthpur,1541.0,2.0,130.0,2
7962,Yeshwanthpur,1362.0,2.0,100.0,2
7963,Yeshwanthpur,666.0,1.0,36.8,1
7964,Yeshwanthpur,1855.0,3.0,140.0,3
7966,Yeshwanthpur,1165.0,2.0,85.0,2
7969,Yeshwanthpur,1825.0,3.0,145.0,3
7971,Yeshwanthpur,994.0,2.0,54.67,1
7972,Yeshwanthpur,650.0,1.0,40.0,1
7973,Yeshwanthpur,1855.0,3.0,140.0,3
7974,Yeshwanthpur,1500.0,3.0,100.0,3
7979,Yeshwanthpur,674.0,1.0,36.85,1
7981,Yeshwanthpur,672.0,1.0,36.85,1
7984,Yeshwanthpur,1195.0,2.0,100.0,2
7985,Yeshwanthpur,1692.0,3.0,108.0,3
7987,Yeshwanthpur,2500.0,5.0,185.0,6
7992,Yeshwanthpur,1855.0,3.0,135.0,3
7993,Yeshwanthpur,1876.0,3.0,160.0,3
7995,other,2770.0,4.0,290.0,3
7998,other,600.0,1.0,38.0,1
8001,other,1500.0,2.0,185.0,2
8002,other,840.0,2.0,45.0,2
8003,other,4395.0,3.0,240.0,3
8004,other,845.0,2.0,55.0,2
8005,other,2511.0,3.0,205.0,3
8006,other,1660.0,2.0,105.0,3
8008,other,1200.0,2.0,65.0,2
8009,other,1200.0,3.0,90.0,3
8013,other,782.0,2.0,55.68,2
8014,other,1800.0,3.0,120.0,3
8015,other,1413.0,2.0,75.0,3
8016,other,945.0,2.0,54.0,2
8017,other,1870.0,3.0,110.0,3
8018,other,1260.0,2.0,85.05,3
8020,other,2795.0,4.0,235.0,3
8022,other,1904.0,3.0,150.0,3
8023,other,2000.0,3.0,175.0,3
8026,other,1500.0,3.0,100.0,3
8028,other,1783.0,3.0,115.0,3
8029,other,912.0,2.0,70.0,3
8032,other,1580.0,3.0,100.0,3
8033,other,1415.0,3.0,78.0,3
8035,other,2405.0,4.0,260.0,3
8036,other,1500.0,2.0,115.0,2
8041,other,1060.0,2.0,60.0,2
8042,other,2600.0,8.0,180.0,8
8044,other,1285.0,2.0,72.5,2
8045,other,4050.0,3.0,280.0,3
8048,other,1280.0,2.0,69.0,2
8049,other,3045.0,3.0,170.0,3
8052,other,900.0,2.0,110.0,2
8057,other,1560.0,3.0,115.0,3
8060,other,1200.0,4.0,165.0,4
8062,other,1645.0,3.0,95.0,3
8063,other,1200.0,2.0,79.0,2
8065,other,1350.0,2.0,140.0,3
8066,other,1800.0,3.0,150.0,3
8068,other,1762.0,3.0,125.0,3
8070,other,1200.0,3.0,90.0,3
8071,other,2023.71,3.0,275.0,3
8077,other,2150.0,4.0,240.0,3
8080,other,3309.0,4.0,325.0,4
8081,other,5000.0,9.0,360.0,11
8083,other,1150.0,2.0,126.0,2
8086,other,1200.0,2.0,74.0,2
8089,other,1753.0,3.0,120.0,3
8091,other,720.0,2.0,45.0,2
8094,other,1200.0,3.0,165.0,4
8095,other,700.0,1.0,41.0,1
8097,other,1595.0,3.0,115.0,3
8098,other,1353.0,2.0,110.0,2
8099,other,1200.0,2.0,85.0,1
8102,other,1325.0,2.0,90.0,3
8105,other,1056.0,2.0,80.0,2
8107,other,1600.0,3.0,86.0,3
8109,other,1544.0,3.0,120.0,3
8110,other,1200.0,2.0,65.0,2
8111,other,540.0,1.0,36.0,1
8112,other,1578.0,3.0,180.0,3
8114,other,1600.0,2.0,115.0,2
8115,other,416.0,1.0,18.5,1
8118,other,834.0,1.0,60.0,1
8119,other,1125.0,4.0,70.0,3
8120,other,3000.0,5.0,260.0,4
8121,other,2160.0,5.0,250.0,6
8123,other,469.0,1.0,25.0,1
8128,other,1630.0,2.0,200.0,2
8130,other,1200.0,2.0,70.0,3
8131,other,1350.0,3.0,77.0,3
8132,other,4046.0,4.0,445.0,4
8133,other,1180.0,2.0,78.34,3
8134,other,1355.0,2.0,115.0,2
8135,other,600.0,1.0,50.0,1
8136,other,1875.0,3.0,165.0,3
8137,other,600.0,2.0,55.0,2
8140,other,1750.0,3.0,120.0,3
8143,other,1092.0,2.0,98.5,3
8146,other,1855.0,3.0,225.0,3
8150,other,425.0,1.0,20.03,1
8152,other,600.0,1.0,60.0,1
8153,other,1468.0,2.0,140.0,2
8154,other,4300.0,5.0,550.0,4
8156,other,775.0,2.0,55.0,2
8159,other,1352.0,3.0,135.0,3
8161,other,1200.0,3.0,95.0,4
8162,other,1976.0,3.0,184.0,3
8163,other,5500.0,4.0,600.0,4
8164,other,1200.0,3.0,95.0,3
8167,other,1180.0,2.0,69.0,2
8168,other,686.0,1.0,17.0,1
8170,other,1500.0,4.0,180.0,4
8172,other,1282.0,2.0,87.0,2
8174,other,1500.0,2.0,95.0,3
8175,other,1300.0,1.0,115.0,2
8176,other,530.0,1.0,20.0,1
8177,other,1350.0,2.0,80.0,2
8179,other,2400.0,6.0,125.0,8
8181,other,1141.0,2.0,62.0,2
8184,other,950.0,1.0,40.0,1
8191,other,1480.0,3.0,90.0,3
8192,other,1600.0,3.0,90.0,3
8193,other,1200.0,4.0,135.0,4
8195,other,1500.0,3.0,115.0,3
8196,other,1824.0,3.0,125.0,3
8197,other,750.0,1.0,56.25,1
8204,other,6000.0,5.0,400.0,4
8205,other,2400.0,3.0,170.0,3
8207,other,1500.0,2.0,98.0,3
8208,other,3095.0,3.0,350.0,3
8210,other,1200.0,1.0,28.0,1
8211,other,1500.0,3.0,100.0,3
8213,other,1560.0,5.0,145.0,5
8215,other,1560.0,3.0,188.0,3
8218,other,485.0,1.0,15.0,1
8224,other,1200.0,3.0,130.0,3
8225,other,1050.0,2.0,67.0,2
8226,other,1596.0,3.0,105.0,3
8230,other,1200.0,3.0,85.0,3
8231,other,1132.0,2.0,67.0,2
8233,other,1515.0,3.0,88.0,3
8236,other,1380.0,2.0,80.0,2
8239,other,4346.0,5.0,500.0,4
8241,other,2200.0,3.0,187.0,3
8242,other,3329.0,3.0,330.0,3
8243,other,3600.0,4.0,300.0,4
8244,other,3500.0,3.0,450.0,4
8246,other,1093.0,2.0,65.0,2
8248,other,1535.0,3.0,95.0,3
8250,other,1100.0,2.0,62.7,2
8253,other,2197.0,4.0,280.0,3
8255,other,1100.0,2.0,60.0,2
8256,other,1600.0,3.0,172.0,4
8257,other,1450.0,2.0,85.0,3
8258,other,2000.0,3.0,166.0,4
8262,other,1756.0,3.0,100.0,3
8263,other,1532.0,3.0,92.0,3
8264,other,1650.0,3.0,110.0,3
8265,other,1200.0,2.0,66.0,2
8267,other,1525.0,2.0,122.0,3
8271,other,2400.0,3.0,200.0,4
8272,other,1000.0,2.0,130.0,2
8274,other,3040.0,1.0,180.0,2
8276,other,1390.0,3.0,120.0,3
8278,other,1135.0,2.0,68.0,2
8279,other,900.0,2.0,55.0,2
8283,other,2500.0,3.0,250.0,3
8287,other,1269.72,2.0,68.0,2
8288,other,1168.0,3.0,70.0,3
8290,other,2100.0,4.0,155.0,4
8292,other,1515.0,3.0,93.93,3
8297,other,2700.0,4.0,214.0,6
8298,other,2000.0,3.0,210.0,3
8299,other,2400.0,4.0,300.0,5
8300,other,1760.0,3.0,176.0,3
8301,other,595.0,1.0,42.0,1
8306,other,1170.0,2.0,86.0,2
8307,other,2200.0,4.0,235.0,4
8315,other,1650.0,3.0,175.0,3
8317,other,1670.0,3.0,91.86,3
8321,other,1250.0,2.0,80.0,3
8322,other,1650.0,4.0,160.0,3
8323,other,800.0,2.0,50.0,2
8324,other,1225.0,2.0,150.0,2
8326,other,3675.0,4.0,367.0,4
8327,other,1200.0,2.0,150.0,2
8330,other,1350.0,2.0,80.0,2
8332,other,1614.0,3.0,110.0,3
8333,other,1188.0,2.0,73.0,2
8334,other,1480.0,3.0,90.0,3
8335,other,680.0,2.0,42.0,2
8338,other,955.0,2.0,53.55,2
8340,other,2479.13,3.0,215.0,3
8341,other,1100.0,2.0,106.0,2
8344,other,1925.0,3.0,120.0,3
8345,other,650.0,1.0,26.0,1
8347,other,2000.0,3.0,207.0,3
8348,other,1050.0,2.0,110.0,2
8350,other,2204.0,2.0,305.0,3
8356,other,1685.0,2.0,110.0,3
8358,other,1550.0,3.0,110.0,3
8359,other,500.0,1.0,20.0,1
8361,other,3155.0,4.0,370.0,3
8362,other,1765.0,3.0,105.0,3
8363,other,1265.0,2.0,70.0,2
8364,other,1012.0,2.0,59.0,2
8365,other,2045.0,4.0,154.0,3
8367,other,2400.0,4.0,280.0,6
8368,other,581.91,2.0,25.0,1
8369,other,1158.0,2.0,85.0,3
8370,other,925.0,2.0,51.0,2
8371,other,1415.0,2.0,110.0,2
8374,other,4750.0,5.0,600.0,4
8375,other,1840.0,3.0,155.0,3
8376,other,1350.0,2.0,185.0,2
8377,other,824.0,2.0,60.0,2
8378,other,1340.0,2.0,100.0,3
8379,other,1620.0,2.0,110.0,3
8380,other,1533.0,3.0,115.0,3
8381,other,1560.0,3.0,85.0,3
8383,other,750.0,1.0,25.0,1
8384,other,1375.0,2.0,85.0,3
8391,other,1500.0,3.0,88.0,3
8393,other,1140.0,2.0,76.0,2
8394,other,1198.0,2.0,84.0,2
8395,other,4000.0,4.0,520.0,4
8397,other,1370.0,2.0,75.0,2
8401,other,1000.0,1.0,55.0,2
8402,other,1200.0,2.0,125.0,2
8406,other,1050.0,1.0,70.0,1
8407,other,1200.0,2.0,80.0,3
8415,other,400.0,1.0,14.0,1
8417,other,1575.0,4.0,150.0,5
8419,other,4800.0,5.0,629.0,4
8420,other,1200.0,2.0,70.0,2
8422,other,1100.0,2.0,60.0,2
8424,other,1300.0,2.0,79.0,2
8426,other,3500.0,4.0,350.0,4
8428,other,1000.0,2.0,110.0,3
8435,other,2400.0,3.0,260.0,3
8436,other,1533.0,3.0,85.0,3
8439,other,1452.55,2.0,110.0,2
8440,other,2357.0,3.0,151.0,3
8441,other,1170.0,2.0,105.0,2
8442,other,1411.0,3.0,91.72,3
8444,other,3095.0,3.0,375.0,3
8446,other,1100.0,3.0,78.0,3
8448,other,3600.0,4.0,365.0,4
8451,other,1945.0,3.0,120.0,3
8453,other,1650.0,3.0,165.0,3
8454,other,1550.0,2.0,150.0,3
8456,other,1150.0,2.0,75.0,3
8457,other,1200.0,3.0,74.0,3
8458,other,1229.0,3.0,86.03,3
8459,other,1030.0,2.0,61.0,2
8460,other,600.0,1.0,32.0,1
8461,other,1165.0,2.0,135.0,2
8464,other,3000.0,4.0,240.0,4
8466,other,1315.0,2.0,90.0,2
8467,other,1210.0,2.0,72.0,2
8468,other,11338.0,9.0,1000.0,6
8470,other,30000.0,4.0,2100.0,4
8472,other,1170.0,2.0,68.0,2
8473,other,1600.0,2.0,110.0,2
8475,other,1370.0,2.0,75.0,3
8477,other,1980.0,3.0,224.0,3
8479,other,1700.0,3.0,97.0,3
8480,other,1900.0,3.0,160.0,3
8482,other,1100.0,2.0,75.0,2
8483,other,1929.0,3.0,115.0,3
8484,other,3161.0,4.0,214.0,4
8486,other,3515.0,3.0,420.0,3
8488,other,1100.0,2.0,70.0,2
8492,other,700.0,1.0,41.0,1
8497,other,3000.0,3.0,250.0,3
8498,other,1100.0,2.0,61.0,2
8499,other,1260.0,1.0,41.0,1
8500,other,1500.0,1.0,37.5,1
8501,other,600.0,1.0,17.0,1
8503,other,1165.0,2.0,75.0,2
8504,other,1272.0,4.0,75.0,3
8506,other,1600.0,5.0,140.0,5
8508,other,1000.0,2.0,65.0,3
8510,other,2400.0,4.0,325.0,3
8512,other,1463.0,1.0,142.0,2
8514,other,2401.0,3.0,185.0,3
8515,other,1875.0,2.0,235.0,3
8517,other,890.0,1.0,75.0,1
8520,other,2400.0,3.0,290.0,3
8522,other,1690.0,3.0,100.0,3
8525,other,1350.0,2.0,90.0,2
8526,other,1460.0,3.0,88.0,3
8527,other,1685.0,3.0,95.0,3
8528,other,800.0,1.0,52.0,1
8529,other,4000.0,5.0,280.0,4
8531,other,792.0,2.0,70.0,2
8534,other,2400.0,5.0,235.0,5
8537,other,461.82,1.0,31.7,1
8538,other,1500.0,2.0,85.0,3
8541,other,1260.0,2.0,75.0,2
8543,other,12000.0,12.0,525.0,10
8545,other,2820.0,3.0,285.0,3
8546,other,1950.0,3.0,130.0,3
8548,other,1350.0,2.0,140.0,3
8549,other,4051.0,4.0,345.0,4
8550,other,2100.0,3.0,170.0,3
8551,other,1991.0,3.0,160.0,3
8553,other,1200.0,3.0,66.0,3
8555,other,3000.0,4.0,342.0,4
8556,other,2400.0,6.0,245.0,6
8558,other,1375.0,2.0,105.0,2
8559,other,1693.0,3.0,108.0,3
8566,other,1150.0,2.0,77.5,3
8570,other,1058.0,2.0,60.0,2
8571,other,900.0,1.0,30.0,1
8572,other,1672.0,3.0,150.0,3
8575,other,1250.0,3.0,139.0,3
8576,other,1468.0,3.0,130.0,2
8580,other,1480.0,2.0,145.0,3
8583,other,2280.0,3.0,285.0,3
8584,other,2000.0,3.0,200.0,3
8587,other,1080.0,2.0,75.0,3
8588,other,2400.0,2.0,150.0,3
8590,other,1125.0,2.0,75.0,2
8591,other,1596.0,3.0,95.0,3
8592,other,1639.0,3.0,123.0,3
8594,other,1740.0,3.0,199.0,3
8595,other,1372.0,2.0,90.0,3
8597,other,6200.0,5.0,720.0,5
8600,other,925.0,2.0,63.0,2
8601,other,1200.0,3.0,95.0,4
8602,other,1200.0,2.0,79.0,2
8603,other,2500.0,3.0,270.0,3
8604,other,1584.0,3.0,145.0,4
8605,other,1570.0,3.0,115.0,3
8606,other,3000.0,3.0,400.0,3
8610,other,1750.0,3.0,180.0,3
8611,other,1500.0,1.0,160.0,2
8612,other,2100.0,6.0,275.0,6
8614,other,705.0,1.0,36.5,1
8615,other,1340.0,3.0,77.0,3
8619,other,1260.0,1.0,41.0,1
8620,other,1200.0,2.0,125.0,2
8621,other,1270.0,2.0,175.0,4
8622,other,1200.0,3.0,130.0,3
8623,other,3595.0,6.0,360.0,4
8625,other,3100.0,5.0,385.0,4
8627,other,1200.0,4.0,150.0,4
8628,other,3259.0,3.0,270.0,3
8631,other,596.0,1.0,42.0,1
8632,other,10000.0,16.0,550.0,16
8633,other,1200.0,4.0,110.0,4
8634,other,1910.0,3.0,190.0,3
8637,other,1750.0,3.0,149.0,3
8639,other,985.0,2.0,63.0,2
8640,other,1300.0,2.0,129.0,2
8641,other,1490.0,2.0,88.0,3
8645,other,650.0,1.0,30.0,1
8646,other,1500.0,2.0,89.99,3
8647,other,1350.0,4.0,145.0,4
8648,other,910.0,1.0,42.0,1
8651,other,532.0,1.0,22.49,1
8652,other,1060.0,3.0,62.0,3
8654,other,1550.0,2.0,160.0,2
8658,other,1000.0,2.0,80.0,2
8660,other,1500.0,2.0,97.0,3
8661,other,1865.0,4.0,140.0,3
8663,other,3500.0,4.0,245.0,4
8667,other,1320.0,2.0,73.0,3
8668,other,2150.0,6.0,205.0,6
8671,other,675.0,3.0,52.0,2
8672,other,1801.0,3.0,139.0,3
8674,other,2990.0,4.0,324.0,4
8675,other,2400.0,2.0,160.0,2
8677,other,1150.0,2.0,75.0,2
8678,other,1200.0,3.0,165.0,3
8685,other,1390.0,2.0,80.0,3
8686,other,1550.0,2.0,90.0,3
8689,other,1500.0,4.0,110.0,4
8691,other,1839.0,3.0,165.0,3
8693,other,900.0,2.0,70.0,2
8695,other,1500.0,3.0,149.0,3
8698,other,750.0,2.0,50.0,1
8699,other,600.0,3.0,75.0,2
8700,other,1605.0,2.0,85.0,3
8703,other,1500.0,1.0,19.5,1
8705,other,1200.0,2.0,70.0,2
8706,other,1200.0,2.0,160.0,2
8707,other,1904.0,3.0,155.0,3
8708,other,2770.0,4.0,315.0,3
8709,other,813.0,1.0,39.0,1
8712,other,1630.0,2.0,97.78,3
8714,other,2425.0,4.0,173.0,4
8718,other,1280.0,2.0,75.0,2
8719,other,735.0,1.0,75.0,1
8720,other,500.0,1.0,24.0,1
8722,other,1200.0,4.0,145.0,3
8723,other,1200.0,2.0,100.0,2
8724,other,1200.0,3.0,160.0,3
8725,other,1265.0,2.0,82.0,3
8728,other,1850.0,3.0,98.0,3
8729,other,2360.0,4.0,150.0,4
8730,other,1030.0,2.0,77.25,2
8732,other,2000.0,3.0,160.0,3
8733,other,1575.0,3.0,93.0,3
8734,other,1300.0,2.0,70.0,3
8736,other,1380.0,2.0,75.0,2
8741,other,3100.0,3.0,250.0,3
8742,other,1190.0,2.0,100.0,2
8743,other,1827.0,3.0,100.0,3
8744,other,1500.0,3.0,95.0,3
8745,other,1180.0,2.0,63.0,2
8750,other,1645.0,3.0,95.0,3
8751,other,1200.0,4.0,140.0,4
8754,other,1097.0,2.0,65.0,2
8755,other,1600.0,3.0,165.0,4
8757,other,900.0,2.0,110.0,2
8758,other,1200.0,2.0,125.0,2
8759,other,1355.0,2.0,75.0,2
8761,other,7500.0,4.0,900.0,4
8764,other,4104.0,4.0,360.0,4
8767,other,2080.0,2.0,150.0,2
8768,other,1505.0,2.0,90.0,2
8769,other,1200.0,3.0,95.75,3
8770,other,1810.0,4.0,148.0,3
8772,other,1530.0,2.0,97.0,3
8777,other,1500.0,2.0,130.0,3
8781,other,1400.0,2.0,80.0,2
8782,other,1533.0,3.0,150.0,3
8784,other,3730.0,6.0,450.0,4
8785,other,745.0,2.0,50.0,2
8787,other,1355.0,2.0,95.0,2
8788,other,833.0,1.0,49.0,1
8790,other,3000.0,5.0,270.0,4
8791,other,1220.0,2.0,68.0,2
8792,other,3811.0,3.0,475.0,4
8793,other,1545.0,3.0,85.0,3
8795,other,1350.0,2.0,110.0,2
8797,other,1200.0,2.0,68.0,3
8799,other,2000.0,4.0,180.0,5
8803,other,1280.0,4.0,115.0,4
8804,other,1200.0,3.0,85.0,3
8806,other,1655.0,3.0,155.0,3
8807,other,1150.0,2.0,74.0,2
8809,other,1200.0,2.0,108.0,3
8810,other,1200.0,2.0,75.0,2
8815,other,1500.0,2.0,203.0,2
8818,other,4500.0,9.0,500.0,9
8821,other,1550.0,3.0,160.0,3
8824,other,1758.0,3.0,95.0,3
8825,other,3179.0,5.0,351.0,4
8827,other,1200.0,3.0,85.0,2
8829,other,1800.0,3.0,140.0,3
8832,other,3900.0,4.0,333.0,4
8833,other,2400.0,4.0,200.0,3
8834,other,1645.0,3.0,87.5,3
8836,other,2600.0,3.0,140.0,3
8837,other,950.0,2.0,60.0,2
8843,other,1900.0,3.0,205.0,3
8845,other,1402.0,2.0,85.0,3
8847,other,2100.0,3.0,240.0,3
8851,other,1200.0,3.0,140.0,3
8852,other,814.0,2.0,55.0,2
8855,other,1590.0,3.0,120.0,3
8856,other,3754.0,6.0,430.0,4
8859,other,1450.0,2.0,89.6,3
8861,other,1340.0,2.0,77.0,2
8864,other,1665.0,3.0,105.0,3
8866,other,2300.0,4.0,200.0,4
8867,other,1210.0,2.0,76.0,2
8872,other,1065.0,2.0,58.0,2
8875,other,1636.0,3.0,97.0,3
8876,other,3600.0,4.0,450.0,4
8879,other,1200.0,3.0,72.0,3
8883,other,1000.0,1.0,75.0,2
8886,other,1170.0,2.0,86.0,2
8887,other,4830.0,5.0,390.0,4
8888,other,850.0,2.0,75.0,2
8892,other,2065.0,3.0,130.0,3
8893,other,1150.0,2.0,125.0,2
8896,other,2550.0,4.0,290.0,3
8897,other,3080.0,2.0,285.0,4
8899,other,3400.0,6.0,420.0,4
8900,other,450.0,1.0,25.0,1
8901,other,1100.0,2.0,85.0,2
8906,other,1036.0,2.0,110.0,2
8909,other,1376.0,4.0,156.0,4
8914,other,1080.0,2.0,62.0,2
8918,other,1475.0,2.0,200.0,3
8919,other,1200.0,3.0,96.25,3
8921,other,2631.0,3.0,200.0,4
8922,other,830.0,2.0,60.0,2
8923,other,1500.0,2.0,88.0,2
8926,other,856.0,2.0,48.0,2
8927,other,1143.0,2.0,62.0,2
8929,other,1117.0,2.0,110.0,2
8930,other,600.0,1.0,43.0,1
8934,other,1200.0,3.0,70.0,3
8935,other,2675.0,4.0,290.0,4
8939,other,1477.0,2.0,80.0,3
8940,other,3500.0,5.0,450.0,4
8941,other,1793.0,3.0,98.0,3
8945,other,1020.0,2.0,62.0,2
8946,other,3563.0,6.0,310.0,4
8949,other,3300.0,5.0,318.0,4
8950,other,1200.0,3.0,165.0,3
8954,other,1718.0,3.0,223.0,3
8955,other,1200.0,2.0,75.0,3
8956,other,985.0,2.0,55.0,2
8961,other,1030.0,2.0,80.0,2
8963,other,1150.0,2.0,69.0,2
8966,other,1500.0,2.0,90.0,3
8967,other,900.0,2.0,55.0,2
8972,other,1750.0,2.0,225.0,4
8974,other,1100.0,2.0,78.0,2
8975,other,1180.0,2.0,74.0,2
8977,other,1540.0,3.0,85.0,3
8979,other,1800.0,3.0,230.0,3
8981,other,2000.0,3.0,120.0,3
8982,other,2000.0,3.0,145.0,3
8983,other,500.0,1.0,15.0,1
8989,other,3160.0,4.0,206.0,4
8990,other,922.0,2.0,70.0,2
8991,other,850.0,2.0,72.0,2
8992,other,1200.0,1.0,65.0,2
8994,other,1233.0,2.0,100.0,2
9002,other,1936.0,3.0,110.0,3
9003,other,1652.5,3.0,90.0,3
9005,other,1500.0,3.0,138.0,3
9006,other,700.0,2.0,43.0,2
9007,other,1750.0,3.0,170.0,3
9008,other,1365.0,3.0,99.0,3
9011,other,708.0,1.0,55.0,2
9012,other,1680.0,3.0,135.0,3
9013,other,990.0,2.0,58.0,2
9014,other,1240.0,2.0,100.0,2
9015,other,1810.0,3.0,118.0,3
9016,other,2005.0,3.0,240.0,3
9019,other,1000.0,2.0,97.0,2
9022,other,1430.0,3.0,78.65,3
9024,other,1200.0,2.0,45.0,1
9029,other,840.0,1.0,75.0,1
9030,other,1760.0,2.0,116.0,3
9031,other,3317.5,5.0,268.5,4
9032,other,600.0,1.0,52.0,2
9033,other,1670.0,3.0,160.0,3
9036,other,1200.0,2.0,75.6,3
9037,other,2400.0,5.0,285.0,5
9038,other,2100.0,4.0,150.0,4
9042,other,1550.0,4.0,120.0,4
9043,other,905.0,2.0,50.0,2
9044,other,1495.0,3.0,200.0,3
9046,other,550.0,1.0,23.0,1
9049,other,1080.0,2.0,75.0,3
9051,other,1537.0,3.0,110.0,3
9052,other,1750.0,3.0,150.0,3
9053,other,2800.0,7.0,250.0,7
9055,other,1191.0,2.0,90.0,2
9058,other,2849.0,5.0,250.0,4
9063,other,827.0,2.0,45.0,2
9070,other,1205.0,2.0,70.0,2
9074,other,2200.0,4.0,160.0,3
9077,other,1900.0,3.0,155.0,3
9078,other,1200.0,1.0,95.0,2
9080,other,1100.0,2.0,61.0,2
9081,other,1100.0,2.0,110.0,2
9082,other,1942.0,3.0,155.0,3
9083,other,1200.0,4.0,80.0,3
9086,other,1515.0,3.0,90.0,3
9089,other,1200.0,4.0,95.0,4
9095,other,1200.0,1.0,69.0,1
9096,other,1717.0,3.0,99.0,3
9098,other,1200.0,1.0,48.0,1
9099,other,1430.0,2.0,78.65,3
9101,other,1190.0,2.0,70.0,2
9103,other,2690.0,4.0,185.0,4
9104,other,1594.0,3.0,99.0,3
9105,other,1250.0,2.0,68.0,2
9106,other,1290.0,1.0,77.5,2
9108,other,1464.0,2.0,145.0,2
9109,other,1200.0,2.0,75.0,2
9112,other,1485.0,2.0,156.0,3
9113,other,2070.0,3.0,135.0,3
9116,other,800.0,2.0,55.0,2
9118,other,1480.0,2.0,125.0,3
9120,other,1500.0,2.0,130.0,2
9121,other,2010.0,3.0,125.0,3
9122,other,1504.0,2.0,100.0,3
9124,other,1602.0,2.0,165.0,3
9125,other,1200.0,4.0,130.0,4
9126,other,1800.0,3.0,220.0,3
9132,other,1862.0,3.0,120.0,3
9133,other,2700.0,3.0,200.0,3
9134,other,1677.0,3.0,98.0,3
9136,other,1490.0,2.0,115.0,3
9138,other,1740.0,3.0,120.0,3
9139,other,1020.0,2.0,60.0,2
9140,other,550.0,1.0,16.0,1
9143,other,3664.0,3.0,325.0,3
9144,other,690.0,2.0,42.0,2
9145,other,1520.0,3.0,111.0,3
9147,other,1200.0,4.0,86.0,4
9148,other,1250.0,2.0,90.0,2
9149,other,1900.0,2.0,190.0,3
9152,other,1602.0,2.0,170.0,3
9153,other,1230.0,2.0,70.0,2
9154,other,1600.0,3.0,95.0,3
9155,other,450.0,1.0,60.0,1
9156,other,600.0,2.0,23.0,1
9157,other,3463.0,6.0,310.0,4
9158,other,1200.0,2.0,85.0,2
9161,other,2000.0,4.0,130.0,3
9162,other,1350.0,4.0,140.0,4
9165,other,1175.0,2.0,79.0,2
9167,other,1112.0,2.0,68.0,2
9170,other,1158.0,2.0,75.0,2
9173,other,1200.0,2.0,90.0,2
9174,other,1266.67,2.0,69.0,2
9176,other,2000.0,2.0,160.0,2
9180,other,2679.0,5.0,280.0,4
9181,other,1230.0,2.0,75.0,2
9183,other,3150.0,5.0,145.0,8
9184,other,2400.0,2.0,135.0,2
9185,other,880.0,2.0,48.0,2
9190,other,1022.0,2.0,57.0,2
9191,other,1200.0,2.0,76.0,2
9194,other,1605.0,3.0,100.0,3
9195,other,1542.0,3.0,98.0,3
9198,other,1333.0,2.0,77.27,2
9199,other,1100.0,3.0,110.0,3
9200,other,1050.0,2.0,70.0,2
9204,other,1200.0,4.0,165.0,4
9205,other,1100.0,2.0,145.0,3
9207,other,1200.0,3.0,99.0,3
9210,other,1000.0,2.0,60.0,2
9211,other,5720.0,3.0,350.0,3
9213,other,1012.0,2.0,59.0,2
9216,other,1200.0,4.0,140.0,4
9217,other,600.0,2.0,39.0,2
9220,other,1700.0,3.0,111.0,3
9224,other,1780.0,3.0,110.0,3
9226,other,1080.0,3.0,149.0,3
9227,other,900.0,2.0,65.0,3
9229,other,1200.0,3.0,160.0,4
9230,other,1540.0,3.0,85.0,3
9231,other,2456.0,3.0,220.0,3
9233,other,1530.0,2.0,185.0,2
9236,other,1717.0,3.0,120.0,3
9239,other,1475.0,2.0,171.0,2
9241,other,650.0,1.0,16.0,1
9243,other,1504.0,2.0,102.0,3
9245,other,1800.0,4.0,145.0,4
9246,other,3000.0,4.0,240.0,4
9248,other,1625.0,3.0,92.0,3
9249,other,2400.0,4.0,250.0,4
9252,other,1490.0,2.0,92.0,3
9254,other,1044.0,2.0,60.0,2
9258,other,1567.2,2.0,190.0,3
9263,other,1293.0,2.0,75.0,2
9265,other,860.0,2.0,65.5,2
9266,other,1374.0,2.0,88.0,3
9270,other,2000.0,2.0,160.0,4
9271,other,834.0,1.0,62.0,1
9272,other,600.0,1.0,52.0,1
9273,other,2000.0,4.0,135.0,4
9274,other,2750.0,3.0,260.0,3
9278,other,1280.0,2.0,90.0,2
9280,other,2075.0,3.0,175.0,3
9287,other,2274.24,4.0,160.0,3
9289,other,900.0,3.0,105.0,2
9292,other,1350.0,3.0,75.0,3
9294,other,470.0,2.0,10.0,1
9296,other,1313.0,4.0,150.0,3
9297,other,2515.0,4.0,155.0,3
9300,other,2665.0,3.0,350.0,3
9302,other,3500.0,5.0,450.0,4
9309,other,2400.0,5.0,300.0,6
9310,other,3000.0,4.0,130.0,8
9311,other,1235.0,2.0,140.0,2
9312,other,3200.0,3.0,260.0,3
9313,other,1450.0,3.0,90.0,3
9314,other,3754.0,6.0,480.0,4
9315,other,1893.0,3.0,115.0,3
9318,other,1200.0,2.0,100.0,3
9319,other,1205.0,2.0,70.0,2
9320,other,1500.0,3.0,90.0,3
9322,other,1250.0,2.0,67.0,2
9325,other,375.0,1.0,26.0,1
9326,other,800.0,3.0,59.5,2
9328,other,1400.0,2.0,85.0,2
9329,other,1800.0,2.0,100.0,3
9330,other,925.0,2.0,70.0,2
9333,other,3500.0,2.0,350.0,4
9336,other,2100.0,4.0,255.0,3
9337,other,400.0,1.0,35.0,1
9340,other,2400.0,5.0,180.0,4
9341,other,6000.0,1.0,276.0,1
9342,other,825.0,2.0,40.0,1
9344,other,5000.0,5.0,600.0,4
9346,other,4800.0,5.0,420.0,4
9347,other,3400.0,3.0,400.0,3
9348,other,600.0,1.0,33.0,1
9350,other,2600.0,3.0,147.0,3
9352,other,800.0,1.0,72.0,1
9354,other,1225.0,2.0,82.0,3
9355,other,655.0,1.0,27.0,1
9356,other,1196.0,2.0,96.0,2
9357,other,927.0,2.0,50.0,2
9358,other,600.0,1.0,18.0,1
9360,other,2800.0,4.0,200.0,4
9363,other,800.0,2.0,85.0,2
9364,other,985.0,2.0,57.0,2
9365,other,6000.0,12.0,150.0,11
9367,other,600.0,2.0,80.0,2
9368,other,1503.0,2.0,93.0,3
9373,other,1768.0,3.0,95.0,3
9374,other,3060.0,4.0,350.0,4
9375,other,800.0,1.0,32.0,1
9377,other,600.0,1.0,35.0,1
9378,other,1010.0,2.0,55.0,2
9381,other,3978.0,4.0,428.0,4
9384,other,2008.0,3.0,170.0,3
9385,other,2095.0,3.0,142.0,3
9387,other,1600.0,2.0,88.0,3
9388,other,1350.0,4.0,160.0,4
9389,other,500.0,1.0,20.0,1
9390,other,1280.0,2.0,100.0,3
9391,other,1650.0,3.0,110.0,3
9394,other,1044.0,2.0,85.0,2
9396,other,840.0,1.0,99.0,2
9399,other,3870.0,4.0,411.0,4
9401,other,1835.0,3.0,175.0,3
9404,other,425.0,1.0,15.0,1
9407,other,2380.0,4.0,242.0,4
9408,other,900.0,1.0,70.0,2
9409,other,1517.0,2.0,125.0,2
9411,other,3602.0,4.0,280.0,4
9412,other,2159.0,3.0,120.0,3
9413,other,1200.0,3.0,72.0,3
9414,other,1850.0,3.0,175.0,6
9415,other,510.0,1.0,34.0,1
9416,other,1166.0,2.0,65.0,2
9417,other,2700.0,2.0,260.0,3
9418,other,1350.0,2.0,175.0,3
9420,other,940.0,2.0,56.0,2
9423,other,1645.0,3.0,95.0,3
9425,other,1000.0,2.0,63.0,2
9427,other,1998.0,3.0,117.0,3
9430,other,1804.0,3.0,150.0,3
9431,other,1350.0,3.0,81.0,3
9433,other,3000.0,3.0,300.0,4
9437,other,1200.0,4.0,110.0,4
9439,other,1217.0,2.0,164.0,2
9442,other,600.0,1.0,45.0,1
9443,other,672.0,1.0,27.0,1
9444,other,1280.0,3.0,87.0,3
9446,other,1567.0,3.0,100.0,3
9447,other,2350.0,3.0,210.0,3
9450,other,560.0,1.0,19.0,1
9452,other,520.0,2.0,29.0,1
9453,other,1950.0,3.0,230.0,3
9454,other,600.0,1.0,58.0,1
9455,other,1000.0,1.0,19.0,1
9457,other,375.0,1.0,40.0,1
9459,other,2000.0,2.0,120.0,2
9460,other,1220.0,2.0,65.0,2
9464,other,1130.0,2.0,74.0,2
9465,other,1407.0,2.0,83.87,2
9467,other,1350.0,4.0,160.0,4
9468,other,2375.0,3.0,260.0,4
9469,other,1200.0,2.0,67.0,2
9470,other,1872.0,3.0,152.0,3
9471,other,1400.0,3.0,90.0,3
9472,other,812.0,1.0,26.0,1
9474,other,600.0,2.0,35.0,1
9488,other,1800.0,4.0,115.0,3
9490,other,1499.0,3.0,89.0,3
9493,other,1050.0,2.0,65.0,2
9494,other,905.0,2.0,50.0,2
9498,other,3155.0,3.0,315.0,3
9503,other,1464.0,2.0,135.0,3
9505,other,1200.0,2.0,75.0,2
9506,other,1707.0,3.0,171.0,3
9507,other,565.0,1.0,33.0,1
9508,other,630.0,2.0,70.0,1
9509,other,1000.0,2.0,55.0,2
9512,other,2400.0,4.0,130.0,3
9514,other,1100.0,2.0,70.0,2
9515,other,420.0,1.0,23.5,1
9517,other,1225.0,2.0,71.05,2
9518,other,1350.0,4.0,90.0,4
9519,other,1732.5,3.0,91.855,3
9520,other,3760.0,2.0,280.0,2
9521,other,3071.0,4.0,300.0,3
9526,other,1620.0,3.0,95.0,3
9527,other,560.0,1.0,21.0,1
9530,other,2250.0,3.0,180.0,3
9532,other,1350.0,2.0,45.0,1
9533,other,1209.0,2.0,100.0,2
9534,other,1500.0,3.0,95.0,3
9535,other,1000.0,2.0,60.0,2
9537,other,1200.0,4.0,130.0,4
9538,other,2250.0,3.0,199.0,3
9539,other,3700.0,4.0,314.0,4
9541,other,1405.0,3.0,169.0,3
9542,other,4800.0,6.0,420.0,4
9545,other,500.0,1.0,16.0,1
9546,other,1600.0,3.0,180.0,3
9548,other,648.0,1.0,34.0,1
9549,other,1720.0,2.0,126.0,3
9552,other,1080.0,2.0,64.0,2
9553,other,1100.0,2.0,61.0,2
9556,other,535.0,1.0,35.0,1
9559,other,1465.0,2.0,88.0,3
9560,other,1145.0,2.0,63.0,2
9561,other,3420.0,3.0,410.0,4
9562,other,1280.0,2.0,75.0,2
9563,other,680.0,3.0,60.0,2
9565,other,1738.0,3.0,110.0,3
9566,other,1500.0,3.0,90.0,3
9568,other,1050.0,2.0,110.0,2
9569,other,1541.0,2.0,181.0,2
9570,other,1275.0,2.0,105.0,2
9571,other,2048.0,3.0,206.0,3
9575,other,2320.0,2.0,160.0,3
9576,other,1237.0,3.0,78.0,3
9580,other,1200.0,2.0,140.0,4
9582,other,1160.0,2.0,75.0,2
9588,other,1155.0,2.0,65.0,2
9592,other,984.0,2.0,125.0,2
9593,other,1148.0,2.0,69.0,2
9594,other,1719.0,3.0,110.0,3
9596,other,3000.0,4.0,264.0,4
9598,other,1320.0,2.0,90.0,2
9602,other,1230.0,2.0,68.0,2
9604,other,4560.0,5.0,430.0,4
9609,other,3000.0,4.0,300.0,5
9610,other,1560.0,2.0,125.0,3
9612,other,1012.0,2.0,59.0,2
9613,other,1245.0,2.0,120.0,2
9614,other,1485.0,2.0,110.0,3
9617,other,1489.0,2.0,101.0,2
9618,other,2800.0,4.0,365.0,4
9620,other,1600.0,2.0,90.0,3
9622,other,3000.0,6.0,300.0,6
9623,other,1903.0,3.0,165.0,3
9625,other,2996.0,4.0,200.0,4
9628,other,551.0,1.0,30.0,1
9630,other,550.0,1.0,16.0,1
9631,other,1780.0,3.0,100.0,3
9633,other,1310.0,3.0,90.0,3
9636,other,1603.0,2.0,125.0,3
9637,other,2180.0,3.0,285.0,3
9638,other,450.0,1.0,30.0,1
9639,other,3000.0,4.0,301.0,4
9642,other,1275.0,2.0,69.0,2
9644,other,1623.0,3.0,155.0,3
9646,other,900.0,1.0,52.3,1
9652,other,1200.0,2.0,110.0,2
9653,other,1400.0,2.0,78.0,3
9654,other,2648.0,3.0,238.0,3
9656,other,1475.0,3.0,80.0,3
9657,other,1721.0,3.0,93.0,3
9659,other,4800.0,4.0,420.0,4
9660,other,1163.0,2.0,68.0,2
9661,other,801.0,1.0,33.645,1
9662,other,1300.0,2.0,80.0,3
9666,other,998.0,2.0,65.0,2
9667,other,3300.0,9.0,450.0,10
9668,other,1040.0,2.0,78.0,2
9671,other,1907.0,2.0,200.0,3
9672,other,1330.0,2.0,80.0,2
9673,other,4446.0,3.0,410.0,3
9674,other,1320.0,2.0,95.0,3
9681,other,2200.0,2.0,150.0,4
9682,other,1092.0,3.0,95.0,3
9688,other,1130.0,2.0,75.0,2
9690,other,1900.0,3.0,190.0,3
9692,other,1200.0,4.0,110.0,4
9693,other,1630.0,3.0,131.0,3
9694,other,1050.0,2.0,41.0,1
9696,other,3210.0,4.0,380.0,3
9697,other,5425.0,13.0,275.0,13
9698,other,1200.0,4.0,135.0,4
9700,other,900.0,2.0,48.0,2
9701,other,4041.0,4.0,345.0,4
9702,other,620.0,1.0,25.0,1
9703,other,1210.0,2.0,75.0,2
9706,other,1200.0,1.0,70.0,2
9708,other,1200.0,3.0,70.0,2
9710,other,1130.0,2.0,68.0,2
9713,other,2750.0,5.0,275.0,3
9714,other,800.0,2.0,55.0,2
9715,other,1244.0,2.0,95.0,2
9716,other,1500.0,4.0,180.0,3
9717,other,1200.0,2.0,75.0,2
9718,other,400.0,2.0,50.0,1
9720,other,2159.0,3.0,120.0,3
9722,other,1200.0,1.0,48.0,1
9727,other,1450.0,2.0,90.0,2
9729,other,10030.0,1.0,150.0,1
9731,other,2300.0,3.0,280.0,3
9735,other,925.0,2.0,55.0,2
9736,other,3900.0,3.0,250.0,3
9737,other,1400.0,2.0,160.0,2
9738,other,1715.0,3.0,95.0,3
9739,other,703.0,2.0,60.0,2
9742,other,600.0,1.0,20.0,1
9743,other,4382.0,4.0,400.0,4
9744,other,1030.0,2.0,77.25,3
9745,other,1254.0,2.0,70.0,3
9747,other,1293.0,2.0,80.0,2
9750,other,1000.0,2.0,66.0,2
9751,other,1864.0,3.0,115.0,3
9752,other,1200.0,2.0,135.0,2
9758,other,1525.0,2.0,91.48,3
9759,other,975.0,2.0,60.0,2
9762,other,1500.0,2.0,85.0,1
9765,other,1200.0,4.0,138.0,2
9766,other,1100.0,2.0,68.0,2
9767,other,4000.0,6.0,460.0,6
9769,other,2950.0,4.0,250.0,4
9770,other,1464.0,2.0,115.0,3
9771,other,1385.0,3.0,90.0,3
9775,other,1415.0,2.0,120.0,2
9780,other,2400.0,2.0,185.0,3
9783,other,1025.0,2.0,65.0,2
9784,other,1020.0,2.0,70.0,2
9785,other,1155.0,2.0,69.0,2
9786,other,2030.0,2.0,182.0,3
9788,other,2900.0,3.0,325.0,3
9792,other,1500.0,2.0,145.0,2
9796,other,2597.0,4.0,189.0,4
9800,other,1201.0,2.0,65.0,2
9801,other,660.0,1.0,30.0,1
9803,other,2735.0,4.0,340.0,3
9804,other,950.0,2.0,65.0,2
9805,other,980.0,3.0,80.0,3
9810,other,1265.0,2.0,68.0,2
9813,other,660.0,1.0,35.0,1
9815,other,1458.0,2.0,87.0,3
9817,other,1178.0,2.0,80.0,2
9819,other,2700.0,4.0,295.0,4
9822,other,1300.0,2.0,95.0,2
9823,other,936.0,1.0,53.0,1
9824,other,1277.0,2.0,92.0,2
9826,other,1600.0,2.0,160.0,2
9834,other,1839.0,3.0,160.0,3
9837,other,925.0,2.0,100.0,2
9838,other,650.0,1.0,50.0,1
9840,other,720.0,1.0,32.39,1
9842,other,1600.0,3.0,130.0,3
9843,other,1296.0,2.0,70.0,2
9847,other,2200.0,3.0,225.0,4
9849,other,1626.6,3.0,133.0,3
9851,other,1100.0,2.0,60.0,2
9852,other,1348.0,2.0,100.0,2
9854,other,1350.0,4.0,175.0,4
9860,other,1410.0,3.0,90.0,3
9861,other,1460.0,2.0,87.0,3
9862,other,1260.0,2.0,85.05,3
9863,other,3000.0,3.0,265.0,3
9864,other,1200.0,2.0,120.0,3
9866,other,1800.0,3.0,150.0,3
9870,other,2098.0,3.0,210.0,3
9871,other,2400.0,3.0,270.0,3
9872,other,1800.0,3.0,192.0,3
9874,other,509.0,1.0,20.0,1
9878,other,2350.0,5.0,325.0,5
9879,other,2050.0,3.0,135.0,3
9880,other,2100.0,1.0,200.0,2
9881,other,1276.0,2.0,146.0,2
9884,other,1600.0,3.0,100.0,3
9885,other,2100.0,3.0,280.0,4
9888,other,2100.0,3.0,270.0,3
9891,other,3500.0,4.0,320.0,4
9893,other,1540.0,3.0,150.0,3
9894,other,3200.0,4.0,270.0,4
9896,other,1165.0,2.0,65.0,2
9899,other,1645.0,3.0,87.0,3
9903,other,800.0,1.0,95.0,2
9904,other,1650.0,2.0,140.0,4
9906,other,4395.0,3.0,240.0,3
9908,other,1936.0,3.0,139.0,3
9910,other,1220.0,2.0,65.0,2
9912,other,1200.0,1.0,65.0,1
9916,other,1310.0,2.0,88.0,2
9918,other,2000.0,5.0,240.0,5
9919,other,4500.0,4.0,345.0,4
9920,other,3155.0,4.0,316.0,3
9922,other,1441.0,2.0,115.0,2
9923,other,418.0,1.0,17.0,1
9924,other,1200.0,3.0,80.0,3
9925,other,1500.0,2.0,200.0,3
9927,other,610.0,1.0,28.0,1
9929,other,1864.0,3.0,120.0,3
9930,other,950.0,2.0,57.0,2
9932,other,1100.0,2.0,62.0,2
9934,other,1200.0,4.0,165.0,4
9936,other,1200.0,2.0,90.0,3
9938,other,1279.0,2.0,100.0,2
9944,other,3600.0,4.0,300.0,4
9945,other,3730.0,6.0,430.0,4
9946,other,1600.0,4.0,120.0,3
9947,other,1120.0,2.0,60.0,2
9949,other,1308.0,2.0,86.0,2
9950,other,2170.0,3.0,265.0,4
9954,other,1225.0,2.0,71.05,2
9956,other,1200.0,3.0,78.0,2
9957,other,2180.0,3.0,273.0,3
9962,other,3300.0,8.0,310.0,8
9963,other,1300.0,2.0,95.0,2
9964,other,1350.0,2.0,89.5,2
9965,other,2312.0,3.0,156.0,3
9966,other,1175.0,2.0,70.0,2
9968,other,2150.0,3.0,240.0,3
9970,other,1386.0,3.0,93.0,4
9974,other,6652.0,6.0,510.0,4
9976,other,2500.0,2.0,300.0,3
9977,other,1500.0,2.0,120.0,3
9980,other,1200.0,1.0,39.82,1
9981,other,3520.0,6.0,460.0,5
9984,other,1200.0,3.0,68.0,3
9986,other,3800.0,6.0,390.0,6
9987,other,410.0,1.0,48.0,1
9988,other,1717.0,3.0,200.0,3
9989,other,880.0,1.0,90.0,2
9991,other,1293.0,2.0,80.0,2
9992,other,1280.0,2.0,68.48,2
9993,other,1065.0,3.0,72.0,3
9995,other,1250.0,2.0,77.13,3
9997,other,2100.0,3.0,210.0,4
10000,other,7000.0,6.0,560.0,6
10002,other,1220.0,2.0,72.0,2
10006,other,1100.0,2.0,75.0,2
10007,other,1350.0,2.0,90.0,2
10008,other,4800.0,5.0,350.0,4
10010,other,1200.0,3.0,110.0,3
10011,other,705.0,1.0,65.0,1
10013,other,1250.0,2.0,75.0,2
10017,other,648.0,1.0,40.0,1
10019,other,1200.0,5.0,150.0,4
10021,other,500.0,1.0,13.0,1
10022,other,2400.0,4.0,325.0,5
10024,other,1180.0,2.0,65.0,2
10028,other,975.0,2.0,55.0,2
10031,other,1115.0,2.0,115.0,2
10037,other,1495.0,3.0,90.0,3
10041,other,1000.0,2.0,60.0,2
10044,other,660.0,2.0,76.0,2
10046,other,1275.0,2.0,76.0,2
10048,other,793.0,1.0,40.0,1
10051,other,1630.0,2.0,130.0,3
10054,other,3000.0,3.0,400.0,3
10055,other,1200.0,2.0,82.0,2
10056,other,1419.0,3.0,85.0,3
10058,other,2020.0,3.0,270.0,3
10059,other,850.0,1.0,50.0,1
10060,other,933.0,2.0,55.0,2
10064,other,823.0,2.0,80.0,2
10066,other,1750.0,3.0,120.0,3
10068,other,750.0,2.0,40.0,2
10070,other,2150.0,3.0,170.0,3
10071,other,2200.0,2.0,190.0,3
10072,other,1368.0,2.0,87.0,2
10073,other,1507.0,3.0,80.0,3
10075,other,1200.0,3.0,70.0,3
10076,other,1175.0,2.0,83.0,2
10077,other,6729.0,4.0,900.0,3
10079,other,1400.0,3.0,98.0,3
10085,other,2240.0,3.0,300.0,3
10088,other,1520.0,3.0,165.0,3
10091,other,2360.0,3.0,185.0,4
10095,other,600.0,4.0,70.0,2
10096,other,800.0,1.0,45.0,2
10097,other,1200.0,4.0,120.0,4
10098,other,1892.0,3.0,200.0,3
10100,other,1050.0,2.0,65.0,2
10102,other,1625.0,3.0,92.0,3
10105,other,1269.0,2.0,97.0,2
10108,other,1353.0,2.0,110.0,3
10109,other,1200.0,2.0,68.0,2
10110,other,1250.0,2.0,70.0,3
10111,other,1950.2,3.0,261.0,3
10112,other,2171.66,3.0,298.0,3
10114,other,1600.0,3.0,100.0,3
10115,other,540.0,1.0,22.0,1
10116,other,1950.2,3.0,193.0,3
10119,other,1013.0,2.0,60.0,2
10120,other,2100.0,3.0,220.0,3
10123,other,1625.0,3.0,95.0,3
10125,other,1600.0,5.0,140.0,5
10127,other,930.0,1.0,55.0,2
10131,other,2400.0,3.0,185.0,4
10133,other,1427.0,2.0,85.0,3
10134,other,2031.0,2.0,200.0,2
10135,other,2000.0,3.0,180.0,4
10137,other,700.0,1.0,25.5,1
10138,other,1200.0,3.0,120.0,3
10139,other,1200.0,2.0,115.0,2
10141,other,1650.0,6.0,200.0,5
10142,other,2000.0,3.0,200.0,3
10143,other,1150.0,2.0,90.0,2
10144,other,595.0,1.0,40.0,1
10146,other,5480.0,4.0,400.0,3
10148,other,5656.0,5.0,499.0,3
10153,other,3700.0,4.0,400.0,4
10154,other,1625.0,3.0,150.0,3
10157,other,1515.0,3.0,80.5,3
10161,other,2505.0,3.0,165.0,3
10164,other,1650.0,3.0,135.0,3
10165,other,925.0,2.0,68.0,2
10167,other,1750.0,3.0,100.0,3
10168,other,747.0,1.0,27.0,1
10170,other,1738.0,3.0,110.0,3
10173,other,1720.0,3.0,95.0,3
10174,other,500.0,1.0,51.0,1
10178,other,1290.0,2.0,71.95,2
10179,other,1650.0,3.0,140.0,3
10183,other,2559.0,1.0,55.0,1
10184,other,720.0,1.0,28.0,1
10185,other,1100.0,2.0,90.0,2
10189,other,600.0,1.0,22.8,1
10190,other,540.0,1.0,24.0,1
10197,other,1200.0,4.0,85.0,4
10200,other,2400.0,3.0,185.0,3
10201,other,1432.0,3.0,79.0,3
10202,other,1500.0,3.0,90.0,3
10203,other,3500.0,3.0,425.0,4
10204,other,3100.0,5.0,425.0,4
10207,other,1200.0,4.0,110.0,4
10208,other,600.0,1.0,24.0,1
10209,other,1770.0,3.0,99.0,3
10210,other,1800.0,3.0,130.0,3
10212,other,1570.0,2.0,95.0,3
10213,other,2250.0,3.0,180.0,3
10214,other,1270.0,2.0,172.0,2
10217,other,3210.0,2.0,353.0,5
10225,other,1950.0,3.0,132.0,3
10226,other,1200.0,2.0,130.0,3
10228,other,1600.0,3.0,102.0,3
10232,other,1100.0,2.0,65.0,2
10234,other,600.0,3.0,72.0,2
10235,other,1200.0,3.0,75.0,3
10236,other,450.0,1.0,20.0,1
10238,other,1719.0,3.0,95.0,3
10241,other,540.0,1.0,22.5,1
10244,other,1500.0,3.0,85.0,3
10245,other,1360.0,2.0,73.0,3
10247,other,1182.0,2.0,64.0,2
10248,other,1350.0,1.0,120.0,3
10249,other,1500.0,3.0,90.0,3
10250,other,2292.0,2.0,285.0,3
10251,other,1945.0,3.0,135.0,3
10253,other,1075.0,2.0,58.0,2
10259,other,1035.0,2.0,60.0,2
10260,other,1232.0,2.0,94.28,2
10262,other,6652.0,6.0,660.0,4
10266,other,2700.0,3.0,230.0,4
10269,other,6688.0,6.0,700.0,4
10271,other,2872.0,4.0,183.0,4
10274,other,1100.0,2.0,64.08,2
10277,other,1600.0,2.0,90.0,2
10279,other,530.0,1.0,18.0,1
10281,other,1800.0,5.0,140.0,6
10282,other,1012.0,2.0,62.0,2
10284,other,1490.0,3.0,140.0,3
10286,other,1650.0,1.0,130.0,2
10290,other,1155.0,2.0,64.0,2
10292,other,1200.0,2.0,70.0,2
10293,other,1800.0,1.0,200.0,1
10296,other,1353.0,2.0,110.0,2
10297,other,812.0,1.0,26.0,1
10300,other,3600.0,5.0,400.0,4
